variant,recall,null_FP_rate
sealed,0.13333333333333333,0.0
no_shape,0.18888888888888888,0.0
no_fap_gate,0.16666666666666666,0.12333333333333334
